{
  "id": "recording_1745774758",
  "timestamp": 1745774763.4852622,
  "duration": 0.9440988,
  "resolution": [
    1280,
    800
  ],
  "fps": 10
}