{
  "id": "recording_1745775230",
  "timestamp": 1745775243.67387,
  "duration": 6.6409807,
  "resolution": [
    1280,
    800
  ],
  "fps": 10
}