{
  "id": "recording_1745775276",
  "timestamp": 1745775290.491042,
  "duration": 10.8247434,
  "resolution": [
    1280,
    800
  ],
  "fps": 10
}