{
  "id": "recording_1745775111",
  "timestamp": 1745775135.733256,
  "duration": 15.4024774,
  "resolution": [
    1280,
    800
  ],
  "fps": 10
}