{
  "id": "recording_1745775307",
  "timestamp": 1745775318.6573057,
  "duration": 8.2882557,
  "resolution": [
    1280,
    800
  ],
  "fps": 10
}