{
  "id": "recording_1745775445",
  "timestamp": 1745775466.708167,
  "duration": 18.8146169,
  "resolution": [
    1280,
    800
  ],
  "fps": 10
}