{
  "id": "recording_1745774655",
  "timestamp": 1745774658.313169,
  "duration": 2.0779566,
  "resolution": [
    1280,
    800
  ],
  "fps": 10
}