{
  "id": "recording_1745774847",
  "timestamp": 1745774864.023043,
  "duration": 14.8640564,
  "resolution": [
    1280,
    800
  ],
  "fps": 10
}