{
  "id": "recording_1745774673",
  "timestamp": 1745774677.4643228,
  "duration": 0.8641127,
  "resolution": [
    1280,
    800
  ],
  "fps": 10
}